7.024024,3.329018,-0.036998,1.002099,0.832062,-0.128869,-1.139659
7.263553,3.010119,0.499968,-0.425059,-0.407114,-0.057036,0.577439
7.006829,3.350897,-0.072724,1.108330,0.922020,-0.143796,-1.271033
7.102124,3.222199,0.131076,0.495225,0.392505,-0.096227,-0.528305
7.164479,3.137915,0.275462,0.132192,0.073939,-0.092375,-0.096796
6.989933,3.379372,-0.101200,1.277744,1.070447,-0.155145,-1.473914
7.040086,3.307083,-0.002500,0.897821,0.741695,-0.121905,-1.013793
7.066633,3.271989,0.058984,0.748034,0.610959,-0.118075,-0.834749
7.047072,3.298068,0.017752,0.873963,0.719116,-0.130267,-0.988228
7.022601,3.343218,-0.018634,1.159765,0.970664,-0.147650,-1.329103
3.616892,-2.191881,-0.264429,-0.008355,-0.395783,-0.201197,-0.128122
3.617961,-2.192128,-0.262465,-0.009175,-0.395171,-0.196515,-0.125192
3.619006,-2.183805,-0.273320,-0.003236,-0.374606,-0.136577,-0.108888
3.615276,-2.185895,-0.275377,-0.001319,-0.382608,-0.172961,-0.125705
3.620115,-2.188343,-0.263531,-0.002693,-0.380454,-0.162745,-0.119349
3.616175,-2.191429,-0.265039,-0.003612,-0.392609,-0.205268,-0.135283
3.617813,-2.191582,-0.263251,-0.007785,-0.393422,-0.194473,-0.126039
3.616155,-2.190992,-0.265421,-0.002208,-0.390841,-0.203296,-0.136151
3.629426,-2.178466,-0.262862,0.004866,-0.343240,-0.047903,-0.082413
3.619584,-2.188777,-0.264019,-0.003916,-0.382933,-0.167836,-0.119984
3.617826,-2.190886,-0.263813,-0.005650,-0.390611,-0.191012,-0.127175
3.613919,-2.187905,-0.275153,-0.004721,-0.390721,-0.192080,-0.129345
3.616167,-2.191823,-0.264844,-0.005251,-0.394517,-0.206930,-0.134030
3.613640,-2.190829,-0.273142,-0.013616,-0.402816,-0.207884,-0.125186
3.616521,-2.184762,-0.275172,-0.001035,-0.378493,-0.158406,-0.120234
3.617383,-2.190286,-0.264820,-0.002999,-0.388293,-0.191084,-0.130341
3.616618,-2.190881,-0.265104,-0.003123,-0.390605,-0.199347,-0.133500
3.614093,-2.188968,-0.274159,-0.008637,-0.395195,-0.195842,-0.126236
3.613817,-2.187169,-0.275927,-0.002417,-0.387896,-0.189096,-0.130879
3.621612,-2.187933,-0.262474,-0.005224,-0.379290,-0.149920,-0.111249
3.616310,-2.191231,-0.265127,-0.003516,-0.391985,-0.203215,-0.134583
3.613374,-2.190410,-0.273574,-0.011070,-0.400621,-0.208187,-0.128287
3.615874,-2.191924,-0.265427,-0.006188,-0.395834,-0.208580,-0.133633
3.618290,-2.189168,-0.264640,-0.000925,-0.383412,-0.179741,-0.128227
3.616504,-2.191854,-0.264231,-0.005249,-0.394050,-0.205305,-0.133350
3.617480,-2.193691,-0.261108,-0.011020,-0.400009,-0.208816,-0.127862
3.626161,-2.182765,-0.262560,-0.000922,-0.360060,-0.091836,-0.093148
3.620985,-2.187630,-0.263176,-0.002224,-0.377519,-0.153322,-0.116126
3.616957,-2.191113,-0.263770,-0.001822,-0.389535,-0.200041,-0.135208
7.105370,3.232540,0.169269,0.668177,0.543521,-0.125899,-0.739453
7.103602,3.235029,0.165416,0.679912,0.553788,-0.126319,-0.753471
7.088763,3.258104,0.131277,0.785189,0.648771,-0.119314,-0.874921
7.108883,3.227712,0.176826,0.645227,0.523599,-0.124482,-0.711800
7.070945,3.281418,0.093979,0.898148,0.745231,-0.132293,-1.013423
7.141684,3.183172,0.246942,0.432631,0.339767,-0.108705,-0.454575
7.112871,3.222049,0.185556,0.618609,0.500246,-0.123770,-0.680099
7.129251,3.199410,0.220898,0.511208,0.406842,-0.117804,-0.550953
7.090666,3.253282,0.136950,0.765035,0.628434,-0.128618,-0.854889
7.106979,3.230598,0.172508,0.658502,0.535485,-0.123945,-0.727253
7.131123,3.197422,0.224442,0.500799,0.398588,-0.114229,-0.537238
7.124943,3.205538,0.211397,0.539783,0.431954,-0.118383,-0.584919
7.220336,3.073739,0.417185,-0.085549,-0.111833,-0.083455,0.167094
7.111406,3.224334,0.182180,0.629022,0.509652,-0.123039,-0.692097
7.121671,3.211348,0.203334,0.565457,0.455971,-0.113500,-0.613259
7.114152,3.225672,0.183921,0.627203,0.514890,-0.097378,-0.679677
7.088374,3.258574,0.130555,0.787744,0.650873,-0.119936,-0.878177
7.147371,3.175759,0.258843,0.396733,0.309142,-0.104480,-0.410516
7.167370,3.146878,0.303020,0.261745,0.190089,-0.103198,-0.250685
7.130794,3.197882,0.223727,0.502973,0.400488,-0.114316,-0.539839
6.887658,3.534300,-0.301247,2.098118,1.788305,-0.200813,-2.457100
7.104773,3.233707,0.167698,0.673154,0.548306,-0.124461,-0.744751
7.111681,3.224343,0.182452,0.628431,0.509657,-0.121055,-0.690605
7.291080,2.976487,0.569454,-0.547557,-0.512970,-0.055337,0.723631
7.103228,3.236023,0.164215,0.683847,0.557847,-0.124150,-0.757248
7.106082,3.232738,0.169828,0.667183,0.544235,-0.119922,-0.735889
7.125372,3.206181,0.211363,0.541027,0.434656,-0.112405,-0.583988
7.104657,3.233538,0.167721,0.672889,0.547636,-0.126095,-0.745092
7.090126,3.256343,0.134117,0.776633,0.641492,-0.118231,-0.864389
7.109470,3.227009,0.178003,0.641715,0.520689,-0.123748,-0.707361
7.140629,3.184862,0.244229,0.439411,0.346087,-0.107369,-0.462074
7.112392,3.223627,0.183519,0.623741,0.506049,-0.118909,-0.684244
7.149522,3.174695,0.261905,0.388570,0.304590,-0.094470,-0.396878
7.114253,3.225507,0.184099,0.626247,0.514052,-0.097316,-0.678531
7.146171,3.177256,0.256387,0.404100,0.315333,-0.105699,-0.419699
7.150301,3.170864,0.265864,0.374890,0.289018,-0.107499,-0.385944
7.107835,3.230947,0.173087,0.657658,0.536794,-0.116228,-0.723169
7.125070,3.206430,0.210851,0.542483,0.435698,-0.113327,-0.586076
7.106083,3.232205,0.170269,0.665525,0.542085,-0.122487,-0.734959
7.107025,3.231389,0.171900,0.660860,0.538673,-0.119805,-0.728379
7.091951,3.253095,0.138655,0.762409,0.628155,-0.121069,-0.848737
7.103875,3.234504,0.166128,0.677661,0.551634,-0.126933,-0.751060
7.074417,3.276473,0.101591,0.874929,0.724842,-0.131736,-0.985797
7.109291,3.227558,0.177367,0.643828,0.522930,-0.122352,-0.709297
7.104674,3.233494,0.167774,0.672713,0.547457,-0.126186,-0.744921
7.109464,3.229604,0.175851,0.649801,0.531173,-0.111247,-0.711904
7.105465,3.233550,0.168531,0.671103,0.547589,-0.120343,-0.740683
7.146027,3.178415,0.255283,0.408029,0.320032,-0.101108,-0.422499
7.216476,3.079232,0.408787,-0.059533,-0.089025,-0.084244,0.136082
7.092148,3.253293,0.138691,0.762581,0.628932,-0.118724,-0.848002
7.144479,3.179512,0.252805,0.414937,0.324649,-0.106708,-0.432892
7.168083,3.145772,0.304657,0.256698,0.185539,-0.103522,-0.244858
7.140330,3.184546,0.244432,0.439963,0.345479,-0.111605,-0.464387
7.147383,3.174446,0.259941,0.392622,0.303836,-0.110744,-0.408169
7.104399,3.235144,0.166131,0.678467,0.554154,-0.120149,-0.749297
7.121334,3.296992,0.132177,0.832632,0.801995,0.298126,-0.763933
7.076392,3.273420,0.105814,0.859899,0.711482,-0.131830,-0.968135
7.108157,3.229152,0.174898,0.651347,0.529504,-0.122638,-0.718285
7.172576,3.153512,0.302817,0.270630,0.216269,-0.034459,-0.233675
7.108371,3.229736,0.174633,0.652680,0.531839,-0.118305,-0.718126
7.294833,2.971510,0.577378,-0.571511,-0.533522,-0.052956,0.752854
3.618239,-2.190134,-0.263954,-0.004029,-0.387465,-0.184619,-0.126523
3.620224,-2.187751,-0.263910,-0.001096,-0.378075,-0.159119,-0.119784
3.616725,-2.190944,-0.264821,-0.003130,-0.390556,-0.199200,-0.133417
3.613356,-2.190393,-0.273606,-0.010975,-0.400548,-0.208229,-0.128416
3.613293,-2.189953,-0.274034,-0.009465,-0.398762,-0.206538,-0.129522
3.612488,-2.188946,-0.275745,-0.004730,-0.394758,-0.207198,-0.135383
3.613124,-2.188352,-0.275591,-0.004317,-0.392432,-0.199841,-0.132927
3.615784,-2.187973,-0.273204,-0.009143,-0.391218,-0.179271,-0.119002
3.616965,-2.192916,-0.262394,-0.007876,-0.397134,-0.208400,-0.131423
3.617676,-2.191665,-0.263137,-0.007092,-0.393270,-0.196293,-0.127561
3.621250,-2.187835,-0.262677,-0.003243,-0.378219,-0.152598,-0.114625
3.617506,-2.194004,-0.261375,-0.013986,-0.402698,-0.208791,-0.124425
3.617915,-2.193381,-0.260923,-0.011037,-0.398808,-0.204255,-0.126018
3.617594,-2.193545,-0.261113,-0.010823,-0.399433,-0.207307,-0.127491
3.616909,-2.192724,-0.262610,-0.007152,-0.396351,-0.207866,-0.132064
3.617101,-2.193588,-0.262314,-0.012421,-0.401443,-0.209184,-0.126454
3.617056,-2.191314,-0.264118,-0.004813,-0.391933,-0.198810,-0.131266
3.618587,-2.193668,-0.260003,-0.013449,-0.400051,-0.200911,-0.121834
3.617741,-2.191782,-0.263035,-0.007818,-0.393907,-0.196244,-0.126693
3.621265,-2.187284,-0.262564,0.000365,-0.374579,-0.151186,-0.118246
3.617611,-2.191068,-0.264250,-0.007016,-0.392267,-0.192507,-0.126209
3.616821,-2.192536,-0.263468,-0.008516,-0.397160,-0.206072,-0.129817
3.616834,-2.192472,-0.263508,-0.008347,-0.396903,-0.205669,-0.129856
3.620540,-2.195284,-0.250671,-0.001856,-0.391353,-0.209722,-0.138248
3.616227,-2.191856,-0.264019,-0.002914,-0.392765,-0.208475,-0.137309
3.616735,-2.192513,-0.263760,-0.008891,-0.397527,-0.206115,-0.129416
3.616426,-2.192786,-0.263847,-0.009044,-0.398594,-0.209611,-0.130634
3.620108,-2.191768,-0.260952,-0.014189,-0.394921,-0.178755,-0.112218
3.617339,-2.189930,-0.265098,-0.001576,-0.386691,-0.189821,-0.131507
3.612488,-2.188946,-0.275745,-0.004730,-0.394758,-0.207198,-0.135383
3.619400,-2.190205,-0.262779,-0.007085,-0.388049,-0.176638,-0.119732
3.616372,-2.191858,-0.264484,-0.005393,-0.394367,-0.205956,-0.133457
3.621238,-2.195018,-0.250182,-0.002606,-0.390363,-0.203519,-0.134882
3.617287,-2.192566,-0.262357,-0.007514,-0.395756,-0.204435,-0.130265
3.616673,-2.191642,-0.264174,-0.004755,-0.393056,-0.203247,-0.133102
3.612844,-2.189037,-0.275309,-0.005815,-0.395166,-0.205128,-0.133273
3.618688,-2.191117,-0.262563,-0.007672,-0.391175,-0.186509,-0.122964
3.617259,-2.192814,-0.262610,-0.009725,-0.397861,-0.204782,-0.127850
3.619310,-2.190785,-0.262759,-0.009972,-0.391325,-0.179168,-0.117386
3.616369,-2.192657,-0.264196,-0.009158,-0.398540,-0.208938,-0.130254
3.616421,-2.192595,-0.264194,-0.009083,-0.398295,-0.208266,-0.130075
3.617900,-2.192286,-0.262335,-0.009315,-0.395647,-0.197866,-0.125559
3.616923,-2.193357,-0.263055,-0.012585,-0.401432,-0.208415,-0.126001
3.617624,-2.190692,-0.264731,-0.006522,-0.391224,-0.190145,-0.125872
3.612705,-2.189156,-0.275289,-0.005660,-0.395475,-0.206834,-0.134131
3.612992,-2.188878,-0.275228,-0.005441,-0.394385,-0.203468,-0.133043
3.618122,-2.194204,-0.260586,-0.015994,-0.403577,-0.205422,-0.120707
3.615777,-2.191538,-0.265168,-0.002412,-0.392531,-0.209052,-0.138189
3.617750,-2.193994,-0.261136,-0.014504,-0.402687,-0.207026,-0.123106
3.619346,-2.190533,-0.262378,-0.007339,-0.388893,-0.179053,-0.120374
3.617716,-2.192271,-0.262780,-0.009709,-0.396194,-0.198486,-0.125374
3.621151,-2.188359,-0.261914,-0.003150,-0.379223,-0.156884,-0.116394
3.616872,-2.192006,-0.263241,-0.004836,-0.393446,-0.204652,-0.133512
3.616411,-2.191708,-0.264631,-0.005227,-0.393923,-0.204808,-0.133201
3.613353,-2.188186,-0.275434,-0.004103,-0.391631,-0.197578,-0.132266
3.614476,-2.188784,-0.273800,-0.008500,-0.394183,-0.192559,-0.125069
3.615847,-2.191474,-0.265888,-0.004943,-0.394172,-0.206446,-0.134256
3.616814,-2.192240,-0.263659,-0.007363,-0.395804,-0.204841,-0.130677
3.616895,-2.193144,-0.262829,-0.010358,-0.399464,-0.208636,-0.128661
3.620299,-2.191164,-0.260705,-0.010811,-0.391085,-0.175844,-0.114969
3.618780,-2.190799,-0.262978,-0.007748,-0.390532,-0.183725,-0.121793
3.617423,-2.190478,-0.264436,-0.003043,-0.388603,-0.192187,-0.130706
3.617130,-2.190523,-0.265311,-0.004665,-0.390324,-0.192959,-0.129181
3.618276,-2.194284,-0.259811,-0.014660,-0.402499,-0.206079,-0.122471
3.617332,-2.193331,-0.261555,-0.009568,-0.398539,-0.208120,-0.129298
3.622043,-2.188697,-0.260606,-0.005787,-0.380379,-0.152531,-0.111524
3.618297,-2.193332,-0.261680,-0.015610,-0.401495,-0.198613,-0.118509
3.617363,-2.192831,-0.263043,-0.011943,-0.399359,-0.202770,-0.124501
3.615033,-2.188211,-0.274138,-0.009477,-0.393038,-0.184809,-0.120872
3.617038,-2.190661,-0.265167,-0.004458,-0.390555,-0.194575,-0.130056
3.620439,-2.191334,-0.261159,-0.014230,-0.393678,-0.173864,-0.110238
3.618946,-2.192305,-0.261872,-0.013879,-0.397424,-0.189083,-0.116740
3.620743,-2.187986,-0.263004,-0.002358,-0.378614,-0.157047,-0.117442
3.617137,-2.191679,-0.264409,-0.008492,-0.395152,-0.198344,-0.126826
3.619264,-2.190068,-0.262968,-0.006138,-0.387320,-0.177077,-0.121017
3.616336,-2.192716,-0.264364,-0.009911,-0.399249,-0.209006,-0.129417
3.734697,-2.353202,-0.004121,-0.750364,-1.042570,-0.169164,0.761410
3.617184,-2.192237,-0.262611,-0.005829,-0.394099,-0.203870,-0.132011
3.616778,-2.191366,-0.264050,-0.003277,-0.391324,-0.201775,-0.134225
3.616459,-2.191707,-0.263785,-0.002543,-0.391872,-0.206418,-0.136908
3.621681,-2.186559,-0.263969,-0.002609,-0.374852,-0.141732,-0.111116
3.617996,-2.190786,-0.263600,-0.005294,-0.389912,-0.189630,-0.127027
3.620548,-2.188307,-0.262446,-0.001198,-0.378624,-0.161177,-0.120399
3.616835,-2.191396,-0.263660,-0.002425,-0.390663,-0.202270,-0.135388
3.613425,-2.189747,-0.274070,-0.009123,-0.397947,-0.204614,-0.129156
3.618757,-2.189939,-0.263590,-0.004592,-0.386741,-0.180034,-0.124024
3.616745,-2.192995,-0.263166,-0.009770,-0.399003,-0.208825,-0.129438
3.615784,-2.187973,-0.273204,-0.009143,-0.391218,-0.179271,-0.119002
6.130546,4.293891,-0.310422,-1.532680,-0.190864,0.637523,-1.733438
6.209079,4.192392,-0.146185,-2.023549,-0.608662,0.698634,-1.129569
5.596975,3.884562,0.527828,1.530319,1.065448,-0.276940,0.501239
7.102124,3.222199,0.131076,0.495225,0.392505,-0.096227,-0.528305
6.987516,3.380274,-0.116123,1.245028,1.044256,-0.139051,-1.430406
7.024024,3.329018,-0.036998,1.002099,0.832062,-0.128869,-1.139659
7.042262,3.305021,0.006876,0.905591,0.747145,-0.129940,-1.025458
7.218848,3.074103,0.409182,-0.098929,-0.124073,-0.081058,0.183903
6.111791,4.315711,-0.341236,-1.400584,-0.084400,0.595514,-1.905323
7.068682,3.268081,0.064846,0.733185,0.596349,-0.123884,-0.819474
6.985059,3.381143,-0.119826,1.251561,1.046798,-0.150952,-1.442942
7.039363,3.309692,-0.005268,0.907997,0.752635,-0.114687,-1.022900
6.937808,3.452984,-0.221041,1.603156,1.358410,-0.151616,-1.857367
7.019552,3.339018,-0.050174,1.042014,0.872044,-0.111137,-1.179724
7.045708,3.300751,0.013720,0.883884,0.729011,-0.125848,-0.998226
7.063734,3.273144,0.049807,0.739723,0.602409,-0.119965,-0.826390
6.144907,4.264762,-0.271393,-1.654425,-0.309302,0.596985,-1.605917
7.066633,3.271989,0.058984,0.748034,0.610959,-0.118075,-0.834749
3.613816,-2.190237,-0.273452,-0.012173,-0.400446,-0.203776,-0.125245
3.620202,-2.181177,-0.274463,0.001594,-0.364608,-0.115002,-0.105982
3.618606,-2.189034,-0.264675,-0.002081,-0.383540,-0.176265,-0.125505
3.613425,-2.189521,-0.274440,-0.009065,-0.397509,-0.203072,-0.128631
3.614189,-2.188272,-0.274515,-0.006258,-0.392080,-0.192107,-0.127534
3.617288,-2.193648,-0.262628,-0.014958,-0.403124,-0.206799,-0.122578
3.613052,-2.189905,-0.274318,-0.008771,-0.398541,-0.208011,-0.130930
3.614584,-2.187840,-0.274471,-0.005807,-0.390381,-0.187235,-0.126118
3.615823,-2.191677,-0.265744,-0.005521,-0.394990,-0.207596,-0.134035
3.617064,-2.192318,-0.262727,-0.006024,-0.394572,-0.204965,-0.132226
3.613271,-2.189703,-0.274263,-0.008637,-0.397750,-0.205485,-0.130077
3.613617,-2.189326,-0.274223,-0.008246,-0.396269,-0.201230,-0.128837
3.617652,-2.184969,-0.273793,-0.004015,-0.379305,-0.151590,-0.113982
3.612437,-2.188474,-0.276187,-0.003146,-0.392845,-0.205277,-0.136484
3.616671,-2.192861,-0.263537,-0.009829,-0.398926,-0.208250,-0.129162
3.618222,-2.190885,-0.263105,-0.005468,-0.389865,-0.188970,-0.126533
3.616926,-2.193448,-0.262976,-0.012877,-0.401802,-0.208835,-0.125824
3.616783,-2.192641,-0.263788,-0.010044,-0.398525,-0.205940,-0.128009
3.615334,-2.185349,-0.276199,-0.001252,-0.381510,-0.168853,-0.124197
3.616391,-2.191732,-0.263956,-0.002898,-0.392282,-0.206719,-0.136626
3.616986,-2.193327,-0.262647,-0.011347,-0.400373,-0.208731,-0.127539
3.616588,-2.192743,-0.263534,-0.008632,-0.397967,-0.208716,-0.130738
3.615576,-2.191563,-0.265905,-0.003965,-0.394025,-0.209231,-0.136501
3.616567,-2.192797,-0.263878,-0.010042,-0.399130,-0.208220,-0.128924
3.617319,-2.190732,-0.264824,-0.005313,-0.390875,-0.192939,-0.128393
3.618371,-2.189363,-0.264274,-0.001284,-0.383892,-0.180413,-0.128056
3.617465,-2.191011,-0.263831,-0.004364,-0.390442,-0.194765,-0.130162
3.617434,-2.190996,-0.263874,-0.004251,-0.390381,-0.194913,-0.130355
3.623501,-2.192412,-0.250040,0.000393,-0.380103,-0.174976,-0.127004
3.613107,-2.188020,-0.276128,-0.004105,-0.391722,-0.197759,-0.132377
3.618424,-2.191239,-0.262546,-0.006810,-0.391161,-0.189410,-0.125117
3.622629,-2.186434,-0.262926,-0.003718,-0.373988,-0.134906,-0.107053
3.616928,-2.192623,-0.263472,-0.009670,-0.397996,-0.205286,-0.128164
3.621454,-2.189332,-0.261232,-0.008362,-0.384291,-0.158392,-0.110902
3.616951,-2.193035,-0.262740,-0.009717,-0.398719,-0.208024,-0.129156
3.621076,-2.187594,-0.263053,-0.002103,-0.377228,-0.152661,-0.115997
3.613030,-2.188515,-0.275735,-0.005258,-0.393556,-0.200844,-0.132241
3.612835,-2.189237,-0.275337,-0.007061,-0.396447,-0.205709,-0.132060
3.613441,-2.189130,-0.274809,-0.008099,-0.396090,-0.200922,-0.128919
3.613903,-2.189068,-0.274331,-0.008732,-0.395734,-0.197517,-0.126802
3.620205,-2.181183,-0.274455,0.001570,-0.364629,-0.115000,-0.105953
3.617084,-2.190978,-0.264613,-0.004691,-0.391211,-0.196385,-0.130473
3.613809,-2.188549,-0.274732,-0.006480,-0.393313,-0.195971,-0.128826
3.616965,-2.192916,-0.262394,-0.007876,-0.397134,-0.208400,-0.131423
3.616707,-2.192360,-0.263730,-0.007710,-0.396436,-0.206029,-0.130751
3.616878,-2.192718,-0.263813,-0.011140,-0.399319,-0.205192,-0.126441
3.622777,-2.187713,-0.260737,-0.004595,-0.376647,-0.142456,-0.108908
3.620337,-2.189333,-0.261874,-0.004128,-0.382903,-0.167477,-0.119468
3.618172,-2.194356,-0.259857,-0.014650,-0.402778,-0.207160,-0.122916
3.615855,-2.190785,-0.266388,-0.002603,-0.391231,-0.203207,-0.135714
3.620988,-2.182213,-0.272686,-0.002973,-0.368567,-0.114763,-0.100480
3.621608,-2.196003,-0.248992,-0.006504,-0.394383,-0.205665,-0.131141
3.617944,-2.193946,-0.261347,-0.016078,-0.403460,-0.204523,-0.120296
3.616387,-2.191777,-0.264107,-0.003672,-0.392937,-0.206516,-0.135655
3.616928,-2.192848,-0.262734,-0.008439,-0.397485,-0.207727,-0.130521
3.615694,-2.186018,-0.275096,-0.003503,-0.383783,-0.170002,-0.121976
3.621045,-2.190474,-0.261071,-0.012278,-0.389802,-0.165892,-0.109328
3.617651,-2.191113,-0.263987,-0.006606,-0.391982,-0.192892,-0.126824
3.617414,-2.193975,-0.261860,-0.014975,-0.403517,-0.208396,-0.123148
3.615873,-2.191097,-0.265805,-0.002540,-0.391704,-0.205342,-0.136602
3.616662,-2.191175,-0.264571,-0.003278,-0.391168,-0.201066,-0.133973
3.635164,-2.210684,-0.211248,-0.041367,-0.424866,-0.210197,-0.090247
3.616961,-2.192078,-0.264073,-0.008694,-0.396272,-0.201965,-0.128012
3.612948,-2.189899,-0.274796,-0.009808,-0.399453,-0.207808,-0.129673
3.614073,-2.187710,-0.275342,-0.005109,-0.390428,-0.189605,-0.127922
3.616454,-2.191781,-0.264097,-0.004049,-0.393118,-0.205912,-0.134976
3.617465,-2.190386,-0.264224,-0.001995,-0.387605,-0.192043,-0.131853
3.614006,-2.189680,-0.273843,-0.011299,-0.398536,-0.199451,-0.124562
3.617255,-2.193138,-0.262162,-0.010079,-0.398695,-0.206825,-0.128225
3.613363,-2.189808,-0.274144,-0.009386,-0.398345,-0.205203,-0.129089
3.618469,-2.191837,-0.261761,-0.007913,-0.392953,-0.192590,-0.125055
3.619873,-2.189123,-0.262580,-0.002641,-0.382156,-0.169578,-0.122072
3.621476,-2.186910,-0.263396,-0.001523,-0.374985,-0.146082,-0.114074
3.617234,-2.193575,-0.262190,-0.012679,-0.401406,-0.208187,-0.125749
3.617646,-2.191240,-0.263090,-0.004198,-0.390442,-0.195500,-0.130604
3.621122,-2.189355,-0.261735,-0.008326,-0.384818,-0.160395,-0.111770
3.622765,-2.187722,-0.260803,-0.004811,-0.376841,-0.142435,-0.108653
3.625212,-2.178009,-0.272059,-0.000076,-0.352561,-0.064234,-0.083712
3.616350,-2.192036,-0.264544,-0.006540,-0.395557,-0.206521,-0.132353
3.612971,-2.189368,-0.274905,-0.007134,-0.396520,-0.205831,-0.131998
3.618640,-2.190206,-0.263304,-0.004514,-0.387331,-0.182597,-0.125118
3.616971,-2.193388,-0.262979,-0.012793,-0.401566,-0.208228,-0.125680
3.617451,-2.190930,-0.264403,-0.005798,-0.391375,-0.193267,-0.127935
3.616782,-2.192551,-0.263127,-0.007186,-0.396269,-0.207324,-0.131839
3.613205,-2.190339,-0.273865,-0.010682,-0.400469,-0.208875,-0.129029
3.620410,-2.189865,-0.261422,-0.006160,-0.385216,-0.169382,-0.117841
3.621163,-2.188713,-0.261609,-0.004278,-0.380654,-0.158509,-0.115712
3.619873,-2.189123,-0.262580,-0.002641,-0.382156,-0.169578,-0.122072
3.621675,-2.195377,-0.249442,-0.004707,-0.391863,-0.202171,-0.131863
3.617398,-2.184671,-0.274297,-0.002514,-0.378071,-0.151944,-0.115895
3.616771,-2.192269,-0.263739,-0.007573,-0.396075,-0.205131,-0.130554
3.618035,-2.192167,-0.261927,-0.007963,-0.394236,-0.197242,-0.126857
3.616570,-2.192502,-0.263752,-0.007841,-0.396990,-0.207673,-0.131254
3.616804,-2.192212,-0.263753,-0.007471,-0.395849,-0.204624,-0.130472
3.617692,-2.192180,-0.262265,-0.007229,-0.394249,-0.199722,-0.128715
3.622718,-2.189527,-0.259788,-0.011822,-0.385229,-0.150430,-0.103633
3.617750,-2.193994,-0.261136,-0.014504,-0.402687,-0.207026,-0.123106
3.617826,-2.192243,-0.261954,-0.007298,-0.394203,-0.199383,-0.128482
3.616418,-2.192042,-0.263549,-0.003493,-0.393220,-0.208324,-0.136549
3.613803,-2.190955,-0.272872,-0.014376,-0.403344,-0.207342,-0.124072
3.616819,-2.188646,-0.271720,-0.014002,-0.394375,-0.174930,-0.111547
3.613559,-2.190720,-0.273314,-0.013095,-0.402368,-0.207930,-0.125819
3.612751,-2.188982,-0.275571,-0.005866,-0.395250,-0.205216,-0.133265
3.612596,-2.187989,-0.276672,-0.002855,-0.391535,-0.201206,-0.135231
3.617771,-2.193878,-0.261027,-0.013545,-0.401745,-0.206767,-0.124111
7.152390,3.176113,0.263644,0.386505,0.309976,-0.067407,-0.383614
7.109842,3.226455,0.178838,0.639155,0.518409,-0.123807,-0.704363
7.112043,3.224980,0.182292,0.629595,0.512185,-0.115434,-0.689731
7.132831,3.197400,0.226193,0.496874,0.398295,-0.102302,-0.527835
7.147908,3.177721,0.257520,0.400766,0.316374,-0.090610,-0.409760
7.085513,3.263602,0.123434,0.809626,0.671367,-0.115632,-0.902290
7.241555,3.044683,0.462805,-0.223618,-0.231578,-0.074574,0.333609
7.110637,3.225329,0.180576,0.633857,0.513766,-0.123645,-0.698045
7.123578,3.209168,0.207134,0.554585,0.447097,-0.110748,-0.599318
7.104127,3.234371,0.166493,0.676679,0.551067,-0.125802,-0.749449
7.158238,3.160047,0.282862,0.323326,0.244375,-0.103879,-0.323638
7.106618,3.231084,0.171740,0.660828,0.537489,-0.124143,-0.730077
7.111698,3.224401,0.182420,0.628575,0.509891,-0.120659,-0.690618
7.103595,3.235008,0.165243,0.679216,0.553229,-0.126019,-0.752554
7.094568,3.248401,0.145008,0.741256,0.608407,-0.124876,-0.825319
7.019466,3.352660,-0.017416,1.235112,1.038526,-0.149970,-1.418226
7.125524,3.205758,0.211682,0.538726,0.432458,-0.112924,-0.581504
7.109012,3.227837,0.176853,0.645326,0.524089,-0.122974,-0.711313
7.090485,3.253367,0.136943,0.766563,0.629427,-0.130082,-0.857245
7.090335,3.254360,0.135969,0.769993,0.633459,-0.126338,-0.859796
7.090335,3.254360,0.135969,0.769993,0.633459,-0.126338,-0.859796
7.129126,3.200711,0.219696,0.515537,0.412113,-0.112394,-0.553899
7.269717,3.005344,0.523913,-0.409564,-0.393850,-0.066342,0.556363
7.111986,3.223284,0.183636,0.624449,0.505343,-0.124029,-0.687095
7.016613,3.355547,-0.022698,1.250534,1.050529,-0.156113,-1.438885
7.239947,3.047687,0.458506,-0.211290,-0.219727,-0.070932,0.320492
7.104832,3.233208,0.168171,0.671468,0.546284,-0.126453,-0.743559
7.065783,3.288111,0.082900,0.929546,0.772092,-0.135552,-1.051825
7.018876,3.353442,-0.018661,1.238877,1.041755,-0.150348,-1.422819
7.016485,3.356833,-0.023891,1.254822,1.055737,-0.150802,-1.441820
7.112498,3.222825,0.184536,0.621863,0.503426,-0.122639,-0.683488
7.107061,3.230202,0.172918,0.657086,0.533877,-0.125279,-0.726115
7.111731,3.223899,0.182868,0.626939,0.507858,-0.122855,-0.689565
7.181890,3.127810,0.333521,0.169654,0.111334,-0.093075,-0.137946
7.105890,3.232587,0.169758,0.667148,0.543648,-0.122006,-0.736681
7.149078,3.179493,0.257488,0.404495,0.324024,-0.074400,-0.407644
7.163838,3.152114,0.295106,0.286006,0.211662,-0.102770,-0.279148
7.109445,3.227312,0.177727,0.642714,0.521917,-0.122458,-0.708024
7.113367,3.221557,0.186466,0.615959,0.498202,-0.122646,-0.676522
7.090324,3.254376,0.135945,0.770066,0.633522,-0.126342,-0.859883
7.090324,3.254376,0.135945,0.770066,0.633522,-0.126342,-0.859883
7.112551,3.222819,0.184595,0.621725,0.503395,-0.122295,-0.683187
7.074310,3.276648,0.101338,0.875714,0.725560,-0.131645,-0.986686
7.198947,3.103305,0.370970,0.054493,0.009995,-0.091067,-0.001242
7.177631,3.132691,0.324979,0.193807,0.131083,-0.099042,-0.168864
7.011593,3.362363,-0.033428,1.283068,1.078659,-0.158536,-1.478251
7.109939,3.226496,0.178904,0.639060,0.518559,-0.122927,-0.703899
7.127485,3.202593,0.216229,0.524238,0.419279,-0.114260,-0.564946
7.294665,2.971687,0.577061,-0.570580,-0.532784,-0.053278,0.751627
7.111375,3.224424,0.182073,0.629376,0.510022,-0.122823,-0.692428
7.240035,3.047892,0.458610,-0.210206,-0.218435,-0.069773,0.319701
7.110394,3.225531,0.180163,0.635031,0.514608,-0.124384,-0.699727
7.161495,3.155089,0.290267,0.300552,0.223961,-0.104895,-0.297166
7.094379,3.249857,0.143612,0.746212,0.614312,-0.119164,-0.828883
7.126227,3.203860,0.213905,0.531019,0.424548,-0.116993,-0.574043
7.127857,3.201658,0.217625,0.521348,0.416090,-0.116756,-0.562502
7.146933,3.176163,0.258064,0.398980,0.310827,-0.105615,-0.413622
7.106031,3.232715,0.169795,0.667229,0.544149,-0.120396,-0.736132
7.131473,3.197347,0.224859,0.499776,0.398246,-0.112119,-0.535188
7.109553,3.226894,0.178183,0.641169,0.520214,-0.123717,-0.706704
7.069499,3.282727,0.091184,0.904626,0.750060,-0.135548,-1.022403
7.088755,3.255377,0.133340,0.776081,0.637282,-0.132102,-0.869311
7.124565,3.205946,0.210738,0.542119,0.433802,-0.119228,-0.588005
7.293540,2.973699,0.574256,-0.561784,-0.524526,-0.051481,0.741964
7.125828,3.204589,0.213142,0.535047,0.428173,-0.116882,-0.578721
7.111925,3.224147,0.182861,0.627270,0.508836,-0.120283,-0.688927
7.111250,3.225618,0.180959,0.633371,0.514859,-0.117933,-0.695187
3.616554,-2.191998,-0.263509,-0.003878,-0.393219,-0.207011,-0.135578
3.616806,-2.192875,-0.263265,-0.009750,-0.398684,-0.207663,-0.129005
3.618172,-2.194356,-0.259857,-0.014650,-0.402778,-0.207160,-0.122916
3.622480,-2.188136,-0.260627,-0.005027,-0.378162,-0.146737,-0.110104
3.630612,-2.178745,-0.261244,0.001964,-0.344035,-0.041348,-0.076343
3.617416,-2.191748,-0.262780,-0.004831,-0.392151,-0.199872,-0.131589
3.616747,-2.191835,-0.263386,-0.003594,-0.392426,-0.205008,-0.135104
3.619327,-2.190364,-0.262599,-0.006985,-0.388366,-0.178220,-0.120467
3.616926,-2.192106,-0.263594,-0.006986,-0.395119,-0.203553,-0.130599
3.616477,-2.191596,-0.263859,-0.002237,-0.391426,-0.205759,-0.137006
3.616103,-2.191829,-0.265273,-0.006409,-0.395477,-0.206508,-0.132543
3.615986,-2.191293,-0.265221,-0.002333,-0.391721,-0.206245,-0.137167
3.619550,-2.191477,-0.260838,-0.008806,-0.391314,-0.183539,-0.120364
3.617439,-2.192952,-0.261761,-0.008628,-0.397019,-0.205538,-0.129375
3.617012,-2.192761,-0.262721,-0.008357,-0.397143,-0.206719,-0.130215
3.620394,-2.189274,-0.262172,-0.005144,-0.383458,-0.166034,-0.117733
3.617451,-2.193170,-0.261630,-0.009550,-0.398061,-0.206356,-0.128622
3.617400,-2.192136,-0.263764,-0.010510,-0.397032,-0.198704,-0.124589
3.616938,-2.192566,-0.262896,-0.007369,-0.396188,-0.206444,-0.131264
3.623502,-2.178681,-0.273239,0.001695,-0.355073,-0.079533,-0.091921
3.622478,-2.189667,-0.259916,-0.011715,-0.385767,-0.152800,-0.104707
3.616561,-2.192358,-0.264186,-0.008446,-0.397195,-0.206284,-0.130024
3.617629,-2.189998,-0.264440,-0.001371,-0.386213,-0.188861,-0.131324
3.617227,-2.192139,-0.263078,-0.007124,-0.394816,-0.202050,-0.129811
3.616845,-2.193325,-0.262976,-0.011665,-0.400820,-0.209263,-0.127401
3.619266,-2.190285,-0.262419,-0.005530,-0.387252,-0.179019,-0.122463
3.616886,-2.192468,-0.263828,-0.009735,-0.397836,-0.204381,-0.127751
3.617548,-2.189699,-0.265445,-0.002619,-0.386732,-0.186335,-0.128931
3.622365,-2.184888,-0.264534,0.001474,-0.367868,-0.129142,-0.110883
3.613516,-2.190532,-0.273512,-0.012415,-0.401604,-0.207321,-0.126378
3.613088,-2.189628,-0.274695,-0.008636,-0.397901,-0.205967,-0.130296
3.616975,-2.191347,-0.264418,-0.005593,-0.392689,-0.198936,-0.130429
3.620225,-2.184582,-0.271624,-0.009049,-0.378364,-0.131296,-0.099939
3.616441,-2.191174,-0.265103,-0.003851,-0.391928,-0.201864,-0.133656
3.620989,-2.195653,-0.249910,-0.004016,-0.392895,-0.208338,-0.135145
3.617608,-2.192095,-0.263219,-0.009563,-0.395944,-0.197944,-0.125354
3.623302,-2.188802,-0.260163,-0.012172,-0.383318,-0.141916,-0.099862
3.617131,-2.193261,-0.262738,-0.012115,-0.400599,-0.206940,-0.125940
3.617467,-2.193995,-0.261791,-0.015154,-0.403602,-0.208121,-0.122827
3.612538,-2.189318,-0.275693,-0.007074,-0.397055,-0.207887,-0.132932
3.616809,-2.191460,-0.264615,-0.006000,-0.393441,-0.200349,-0.130530
3.617260,-2.190262,-0.265148,-0.003291,-0.388655,-0.191380,-0.130140
3.614226,-2.188622,-0.274494,-0.008504,-0.394287,-0.192784,-0.125194
3.616597,-2.192688,-0.263939,-0.009767,-0.398690,-0.207478,-0.128951
3.615663,-2.191142,-0.266165,-0.002850,-0.392335,-0.206590,-0.136759
3.612885,-2.189493,-0.275258,-0.008614,-0.397959,-0.206137,-0.130422
3.616280,-2.192173,-0.264073,-0.005304,-0.394995,-0.208730,-0.134639
3.616926,-2.193448,-0.262976,-0.012877,-0.401802,-0.208835,-0.125824
3.616783,-2.192641,-0.263788,-0.010044,-0.398525,-0.205940,-0.128009
3.617282,-2.189752,-0.265549,-0.001752,-0.386597,-0.188764,-0.130909
3.616938,-2.192511,-0.263001,-0.007416,-0.396127,-0.206028,-0.131049
3.617900,-2.190237,-0.263967,-0.002728,-0.387213,-0.188109,-0.129423
3.612285,-2.188813,-0.276368,-0.004930,-0.394984,-0.207230,-0.135200
3.618535,-2.189014,-0.264949,-0.002499,-0.383921,-0.176216,-0.125016
3.616814,-2.191530,-0.263878,-0.003868,-0.391991,-0.202316,-0.133744
3.618668,-2.193118,-0.260929,-0.013850,-0.399255,-0.196321,-0.119597
3.616695,-2.192975,-0.263049,-0.008952,-0.398443,-0.209531,-0.130662
3.617383,-2.192340,-0.262875,-0.008532,-0.395962,-0.201617,-0.127992
3.614668,-2.189119,-0.273327,-0.009976,-0.395559,-0.192824,-0.123433
3.613204,-2.190075,-0.274023,-0.009645,-0.399247,-0.207759,-0.129798
3.614801,-2.187168,-0.274807,-0.004204,-0.387691,-0.182460,-0.126099
3.621016,-2.190523,-0.261428,-0.013653,-0.390943,-0.165427,-0.107568
3.616487,-2.192281,-0.264570,-0.008900,-0.397510,-0.205835,-0.129341
3.615553,-2.191338,-0.266299,-0.003856,-0.393587,-0.207858,-0.136104
3.621461,-2.188853,-0.261744,-0.007316,-0.382673,-0.155731,-0.111088
3.622548,-2.186420,-0.263265,-0.004350,-0.374553,-0.134804,-0.106298
3.616653,-2.190699,-0.265711,-0.004350,-0.391136,-0.197021,-0.131186
3.614818,-2.188501,-0.273686,-0.008391,-0.393079,-0.188779,-0.123685
3.619400,-2.190205,-0.262779,-0.007085,-0.388049,-0.176638,-0.119732
3.616372,-2.191858,-0.264484,-0.005393,-0.394367,-0.205956,-0.133457
3.617382,-2.193698,-0.261938,-0.013396,-0.401920,-0.207738,-0.124724
3.617402,-2.191702,-0.263569,-0.007231,-0.393859,-0.197949,-0.128084
3.617736,-2.190787,-0.264478,-0.006854,-0.391462,-0.189966,-0.125400
3.616228,-2.191638,-0.265304,-0.006098,-0.394720,-0.204701,-0.132187
3.616119,-2.190450,-0.266396,-0.002159,-0.389910,-0.199726,-0.134846
3.619293,-2.191150,-0.261799,-0.008710,-0.391064,-0.182709,-0.120202
3.617686,-2.189941,-0.264430,-0.001320,-0.385989,-0.188188,-0.131115
3.613302,-2.189597,-0.274687,-0.009665,-0.398273,-0.203858,-0.128262
3.613377,-2.188688,-0.275363,-0.007008,-0.394612,-0.198939,-0.129431
3.613006,-2.189695,-0.274907,-0.009301,-0.398632,-0.206411,-0.129713
3.617940,-2.191460,-0.263284,-0.007908,-0.393103,-0.192836,-0.125248
3.617496,-2.193611,-0.261158,-0.010809,-0.399690,-0.208321,-0.127913
3.616695,-2.192975,-0.263049,-0.008952,-0.398443,-0.209531,-0.130662
3.613365,-2.189378,-0.274559,-0.008269,-0.396766,-0.202956,-0.129517
3.617147,-2.193230,-0.261827,-0.008836,-0.398110,-0.208938,-0.130489
3.619447,-2.193204,-0.259515,-0.013943,-0.398275,-0.192608,-0.117929
3.618214,-2.192648,-0.261226,-0.009432,-0.395883,-0.198602,-0.125651
3.628573,-2.180795,-0.261557,0.000407,-0.351914,-0.065773,-0.084266
3.620123,-2.189288,-0.262558,-0.005006,-0.383798,-0.167707,-0.118581
3.618806,-2.190656,-0.263376,-0.008436,-0.390747,-0.182095,-0.120368
3.612309,-2.188727,-0.276475,-0.004934,-0.394799,-0.206493,-0.134908
3.616707,-2.192360,-0.263730,-0.007710,-0.396436,-0.206029,-0.130751
3.616878,-2.193326,-0.262758,-0.011099,-0.400355,-0.209487,-0.128135
3.616459,-2.191707,-0.263785,-0.002543,-0.391872,-0.206418,-0.136908
3.617624,-2.193564,-0.261067,-0.010951,-0.399515,-0.207191,-0.127294
3.618007,-2.190858,-0.264143,-0.007689,-0.391783,-0.188399,-0.123788
3.617036,-2.192867,-0.262609,-0.008742,-0.397575,-0.207062,-0.129898
3.620284,-2.189450,-0.262137,-0.005445,-0.384156,-0.167656,-0.118027
3.617939,-2.194208,-0.261135,-0.016884,-0.404521,-0.205829,-0.119868
3.616934,-2.192609,-0.263478,-0.009640,-0.397941,-0.205180,-0.128158
3.618110,-2.191524,-0.263181,-0.008920,-0.393697,-0.191648,-0.123595
3.616641,-2.192450,-0.263906,-0.008485,-0.397262,-0.206467,-0.130036
3.624149,-2.184370,-0.263274,-0.001372,-0.366304,-0.113766,-0.101389
3.617861,-2.190252,-0.264793,-0.005473,-0.389316,-0.186496,-0.125642
3.618827,-2.189235,-0.264040,-0.002344,-0.383746,-0.176284,-0.125169
3.617420,-2.193034,-0.261712,-0.008841,-0.397349,-0.206066,-0.129335
3.616218,-2.191791,-0.264082,-0.002692,-0.392502,-0.208224,-0.137470
3.617512,-2.192003,-0.263208,-0.008415,-0.395086,-0.198626,-0.126958
3.616649,-2.192712,-0.263498,-0.008671,-0.397847,-0.208134,-0.130458
3.621345,-2.186500,-0.263868,0.000048,-0.373314,-0.145021,-0.115503
3.612672,-2.188787,-0.275627,-0.004438,-0.393981,-0.205281,-0.134952
3.613524,-2.188451,-0.275164,-0.005742,-0.393038,-0.197355,-0.130258
3.613816,-2.188146,-0.275120,-0.005453,-0.391841,-0.193824,-0.129187
3.625355,-2.177894,-0.272071,-0.000255,-0.352273,-0.062527,-0.082825
3.616809,-2.191460,-0.264615,-0.006000,-0.393441,-0.200349,-0.130530
3.617260,-2.190262,-0.265148,-0.003291,-0.388655,-0.191380,-0.130140
3.617228,-2.193060,-0.262254,-0.009776,-0.398377,-0.206639,-0.128508
3.617390,-2.191253,-0.263584,-0.004520,-0.391096,-0.196766,-0.130763
3.620222,-2.188090,-0.263325,-0.001074,-0.378656,-0.161526,-0.120733
3.617038,-2.190661,-0.265167,-0.004458,-0.390555,-0.194575,-0.130056
3.621772,-2.190140,-0.260793,-0.013526,-0.389014,-0.158704,-0.105005
3.617811,-2.190229,-0.264494,-0.004004,-0.388273,-0.187642,-0.127787
3.612332,-2.188598,-0.276313,-0.003725,-0.393649,-0.206309,-0.136228
3.617004,-2.193199,-0.263103,-0.012277,-0.400804,-0.207082,-0.125831
3.612939,-2.189863,-0.274897,-0.009889,-0.399464,-0.207552,-0.129484
3.616217,-2.191115,-0.265625,-0.004017,-0.392291,-0.202551,-0.133767
3.619255,-2.188561,-0.264039,-0.000786,-0.380758,-0.170307,-0.124602
3.621750,-2.180256,-0.273592,0.001180,-0.360911,-0.099787,-0.099399
3.616887,-2.192163,-0.263772,-0.007717,-0.395818,-0.203656,-0.129801
3.613765,-2.190756,-0.272891,-0.013028,-0.402062,-0.207098,-0.125541
3.613713,-2.190400,-0.273237,-0.011805,-0.400621,-0.205747,-0.126443
3.617937,-2.192048,-0.263292,-0.011448,-0.396741,-0.194497,-0.121800
3.618527,-2.191265,-0.263340,-0.010344,-0.393647,-0.186553,-0.119925
3.616286,-2.192488,-0.264603,-0.009088,-0.398319,-0.208248,-0.130084
3.616426,-2.192786,-0.263847,-0.009044,-0.398594,-0.209611,-0.130634
3.620108,-2.191768,-0.260952,-0.014189,-0.394921,-0.178755,-0.112218
3.614566,-2.189850,-0.273011,-0.012661,-0.398971,-0.196622,-0.121807
3.615862,-2.191672,-0.265647,-0.005380,-0.394816,-0.207443,-0.134132
3.616574,-2.192605,-0.263539,-0.007743,-0.397092,-0.208442,-0.131661
3.617068,-2.193279,-0.261867,-0.008808,-0.398295,-0.209724,-0.130836
3.616466,-2.190954,-0.265628,-0.004508,-0.391987,-0.199723,-0.132073
3.619327,-2.190364,-0.262599,-0.006985,-0.388366,-0.178220,-0.120467
3.616926,-2.192106,-0.263594,-0.006986,-0.395119,-0.203553,-0.130599
3.617967,-2.190641,-0.263504,-0.003919,-0.388693,-0.189740,-0.128661
3.620115,-2.188862,-0.263409,-0.005379,-0.383337,-0.164500,-0.116922
3.617029,-2.192947,-0.262550,-0.008974,-0.397896,-0.207495,-0.129798
3.616062,-2.191811,-0.265084,-0.005403,-0.394770,-0.207313,-0.134020
3.613037,-2.189341,-0.275106,-0.008056,-0.397048,-0.204631,-0.130462
3.616800,-2.190557,-0.265371,-0.003171,-0.389793,-0.196048,-0.132149
3.616755,-2.192735,-0.263002,-0.007699,-0.397009,-0.208399,-0.131664
3.619030,-2.192784,-0.260654,-0.012984,-0.397476,-0.192611,-0.119111
3.617333,-2.192525,-0.262896,-0.009423,-0.397019,-0.202564,-0.127335
3.617846,-2.186951,-0.271896,-0.010404,-0.387177,-0.159956,-0.109780
3.617893,-2.183953,-0.274326,-0.001186,-0.375073,-0.145136,-0.114732
3.629839,-2.182140,-0.259405,-0.007495,-0.358130,-0.062750,-0.073764
3.616299,-2.192203,-0.263598,-0.003941,-0.394017,-0.209794,-0.136616
3.616872,-2.193261,-0.263370,-0.012816,-0.401513,-0.207864,-0.125532
3.616747,-2.191835,-0.263386,-0.003594,-0.392426,-0.205008,-0.135104
3.614336,-2.190543,-0.272671,-0.014300,-0.401746,-0.201597,-0.121863
3.619258,-2.189970,-0.262687,-0.004532,-0.385979,-0.177554,-0.123054
3.613119,-2.189933,-0.274473,-0.009866,-0.399292,-0.207072,-0.129294
3.618067,-2.193412,-0.261295,-0.013410,-0.400374,-0.201981,-0.122380
3.617053,-2.192918,-0.262733,-0.009582,-0.398255,-0.206735,-0.128800
3.618364,-2.189143,-0.264523,-0.000801,-0.383163,-0.179249,-0.128169
3.635150,-2.210698,-0.211252,-0.041377,-0.424920,-0.210365,-0.090303
3.619357,-2.189267,-0.263414,-0.003426,-0.383780,-0.172854,-0.122512
3.616806,-2.192286,-0.263506,-0.007059,-0.395673,-0.205418,-0.131251
3.616492,-2.192531,-0.264114,-0.008827,-0.397887,-0.207614,-0.130106
3.613478,-2.188829,-0.275143,-0.007675,-0.395192,-0.198902,-0.128628
3.614573,-2.186969,-0.275570,-0.004361,-0.387809,-0.182199,-0.125858
3.619133,-2.192835,-0.260691,-0.014021,-0.398170,-0.191684,-0.117541
3.621454,-2.189332,-0.261232,-0.008362,-0.384291,-0.158392,-0.110902
3.616951,-2.193035,-0.262740,-0.009717,-0.398719,-0.208024,-0.129156
3.621076,-2.187594,-0.263053,-0.002103,-0.377228,-0.152661,-0.115997
3.617073,-2.192820,-0.263346,-0.011254,-0.399283,-0.204767,-0.126112
3.617618,-2.190471,-0.264735,-0.005179,-0.389859,-0.189569,-0.127202
3.616740,-2.192703,-0.263413,-0.008851,-0.397824,-0.207451,-0.129973
3.615824,-2.191445,-0.265382,-0.002871,-0.392633,-0.207819,-0.137178
3.617328,-2.192532,-0.262344,-0.007500,-0.395625,-0.203989,-0.130102
3.612844,-2.189037,-0.275309,-0.005815,-0.395166,-0.205128,-0.133273
3.624348,-2.183633,-0.263682,0.000472,-0.363349,-0.108803,-0.101581
3.616759,-2.192466,-0.263467,-0.007727,-0.396553,-0.206474,-0.130893
3.616649,-2.192431,-0.263607,-0.007372,-0.396400,-0.207078,-0.131553
3.617638,-2.192168,-0.262944,-0.009213,-0.395768,-0.198537,-0.125980
3.616970,-2.192590,-0.263273,-0.009018,-0.397393,-0.205280,-0.128908
3.617603,-2.191981,-0.263133,-0.008554,-0.395009,-0.197875,-0.126493
3.617153,-2.192718,-0.262367,-0.007683,-0.396354,-0.206114,-0.130736
3.617132,-2.192149,-0.262859,-0.005866,-0.394053,-0.203513,-0.131841
3.616662,-2.191175,-0.264571,-0.003278,-0.391168,-0.201066,-0.133973
3.613243,-2.189248,-0.274913,-0.008018,-0.396541,-0.202885,-0.129801
3.615971,-2.191842,-0.265089,-0.005082,-0.394728,-0.208252,-0.134766
3.616790,-2.192240,-0.263315,-0.006023,-0.394856,-0.205911,-0.132638
3.616596,-2.192893,-0.263586,-0.009759,-0.399045,-0.208929,-0.129517
3.616542,-2.192758,-0.263752,-0.009220,-0.398496,-0.208658,-0.130045
3.613021,-2.189872,-0.274684,-0.009672,-0.399191,-0.207311,-0.129627
3.617414,-2.193891,-0.261378,-0.012781,-0.401755,-0.209343,-0.126043
3.616687,-2.192852,-0.262976,-0.007905,-0.397471,-0.209446,-0.131839
3.620635,-2.187732,-0.263816,-0.003039,-0.378837,-0.155379,-0.116036
3.618741,-2.189273,-0.264463,-0.003557,-0.384835,-0.176166,-0.123739
3.619030,-2.192784,-0.260654,-0.012984,-0.397476,-0.192611,-0.119111
3.618120,-2.192741,-0.261612,-0.010798,-0.397195,-0.198813,-0.124172
3.621934,-2.186939,-0.263152,-0.003506,-0.375788,-0.142391,-0.110289
3.619926,-2.182208,-0.273829,-0.000776,-0.368580,-0.122072,-0.106005
3.612471,-2.188818,-0.275929,-0.004507,-0.394395,-0.206544,-0.135391
3.617513,-2.191801,-0.263435,-0.008007,-0.394431,-0.197492,-0.126994
3.616456,-2.192108,-0.264254,-0.006574,-0.395544,-0.206422,-0.132257
3.621849,-2.181809,-0.272207,-0.003876,-0.367197,-0.106598,-0.096157
3.617086,-2.192646,-0.262434,-0.007093,-0.395897,-0.206392,-0.131536
3.614290,-2.190995,-0.272344,-0.015601,-0.403565,-0.204105,-0.121331
3.613976,-2.190788,-0.272835,-0.014247,-0.402690,-0.205316,-0.123414
3.614607,-2.186742,-0.275540,-0.003086,-0.386422,-0.181317,-0.126986
3.613624,-2.190706,-0.273259,-0.013198,-0.402318,-0.207401,-0.125485
3.616727,-2.192486,-0.262991,-0.006003,-0.395370,-0.207998,-0.133473
3.612923,-2.188606,-0.275585,-0.004653,-0.393435,-0.202490,-0.133590
3.616548,-2.192866,-0.263472,-0.008926,-0.398460,-0.209589,-0.130740
3.613081,-2.189519,-0.274792,-0.008279,-0.397458,-0.205488,-0.130525
3.617749,-2.192480,-0.262941,-0.011724,-0.397990,-0.198357,-0.122993
3.623520,-2.185809,-0.262601,-0.003998,-0.371727,-0.125458,-0.102951
3.616699,-2.191818,-0.264555,-0.007292,-0.395189,-0.202557,-0.129904
3.612907,-2.188019,-0.276209,-0.003221,-0.391378,-0.199463,-0.134086
3.615928,-2.191945,-0.264986,-0.005090,-0.394980,-0.209202,-0.135129
3.616969,-2.193530,-0.263048,-0.013874,-0.402612,-0.208476,-0.124528
3.613051,-2.189837,-0.274375,-0.008557,-0.398265,-0.207685,-0.131052
3.622114,-2.188822,-0.260493,-0.006549,-0.381048,-0.152480,-0.110612
3.614631,-2.186719,-0.275657,-0.003500,-0.386649,-0.180735,-0.126281
3.619959,-2.188205,-0.263988,-0.002553,-0.380350,-0.162728,-0.119532
3.618478,-2.184140,-0.273640,-0.003302,-0.376056,-0.141767,-0.110894
3.616770,-2.192645,-0.263431,-0.008738,-0.397593,-0.206960,-0.129911
3.616425,-2.192574,-0.264207,-0.009026,-0.398211,-0.208138,-0.130089
3.619154,-2.188566,-0.264751,-0.002721,-0.382346,-0.169542,-0.122093
3.616886,-2.192468,-0.263828,-0.009735,-0.397836,-0.204381,-0.127751
3.617548,-2.189699,-0.265445,-0.002619,-0.386732,-0.186335,-0.128931
3.620988,-2.182213,-0.272686,-0.002973,-0.368567,-0.114763,-0.100480
3.616527,-2.192804,-0.263545,-0.008686,-0.398207,-0.209437,-0.130963
3.615594,-2.191485,-0.265582,-0.002477,-0.392768,-0.209634,-0.138370
3.623988,-2.193351,-0.248769,-0.003627,-0.383953,-0.176078,-0.122700
3.616531,-2.185189,-0.274748,-0.002171,-0.380062,-0.160553,-0.119744
3.616527,-2.192804,-0.263545,-0.008686,-0.398207,-0.209437,-0.130963
3.615594,-2.191485,-0.265582,-0.002477,-0.392768,-0.209634,-0.138370
3.616297,-2.192439,-0.264265,-0.007672,-0.397177,-0.208843,-0.131945
3.619081,-2.189716,-0.263691,-0.005488,-0.386509,-0.176066,-0.121412
3.613243,-2.189248,-0.274913,-0.008018,-0.396541,-0.202885,-0.129801
3.615971,-2.191842,-0.265089,-0.005082,-0.394728,-0.208252,-0.134766
3.616790,-2.192240,-0.263315,-0.006023,-0.394856,-0.205911,-0.132638
3.616819,-2.188646,-0.271720,-0.014002,-0.394375,-0.174930,-0.111547
3.613559,-2.190720,-0.273314,-0.013095,-0.402368,-0.207930,-0.125819
3.612751,-2.188982,-0.275571,-0.005866,-0.395250,-0.205216,-0.133265
3.616468,-2.192331,-0.263751,-0.006222,-0.395658,-0.208172,-0.133333
3.617202,-2.192256,-0.263682,-0.009791,-0.397020,-0.201134,-0.126386
3.616643,-2.186799,-0.273303,-0.007432,-0.386579,-0.167545,-0.116331
3.617034,-2.192443,-0.263329,-0.008707,-0.396809,-0.204119,-0.128810
3.616318,-2.192296,-0.264177,-0.006633,-0.396129,-0.208454,-0.132993
3.613542,-2.188788,-0.274805,-0.006618,-0.394244,-0.199003,-0.129876
3.616485,-2.190772,-0.265268,-0.002269,-0.389993,-0.199915,-0.134728
3.617830,-2.184728,-0.273811,-0.003669,-0.378355,-0.149177,-0.113425
3.616161,-2.185121,-0.275180,-0.001122,-0.379741,-0.162831,-0.121893
3.615741,-2.191364,-0.265533,-0.002432,-0.392296,-0.208013,-0.137774
3.629481,-2.179855,-0.261413,0.001282,-0.348223,-0.054829,-0.080922
3.613175,-2.190129,-0.274376,-0.011034,-0.400406,-0.207317,-0.128031
3.616802,-2.183978,-0.275781,-0.000088,-0.375991,-0.152038,-0.118836
3.621871,-2.188413,-0.261385,-0.005800,-0.380156,-0.151467,-0.111131
3.617254,-2.193534,-0.261835,-0.011310,-0.400296,-0.208748,-0.127541
3.617451,-2.190930,-0.264403,-0.005798,-0.391375,-0.193267,-0.127935
3.616782,-2.192551,-0.263127,-0.007186,-0.396269,-0.207324,-0.131839
4.081002,0.468090,0.485598,2.818042,8.129498,23.131551,8.193879
3.617385,-2.191269,-0.264251,-0.006919,-0.392896,-0.195223,-0.127402
3.615841,-2.191028,-0.266017,-0.002684,-0.391738,-0.204934,-0.136286
3.615716,-2.191055,-0.266121,-0.002486,-0.391832,-0.205941,-0.136922
3.616796,-2.192584,-0.263516,-0.008821,-0.397507,-0.206330,-0.129568
3.618103,-2.191966,-0.263192,-0.011564,-0.396426,-0.192930,-0.121035
3.616745,-2.192310,-0.264285,-0.009571,-0.397656,-0.204161,-0.127880
3.616184,-2.192520,-0.264681,-0.008957,-0.398437,-0.209127,-0.130592
3.613149,-2.190019,-0.274125,-0.009348,-0.399015,-0.207877,-0.130196
3.616187,-2.191742,-0.265320,-0.006547,-0.395297,-0.205343,-0.131922
3.619288,-2.188549,-0.264200,-0.001468,-0.381189,-0.169569,-0.123525
3.613300,-2.189439,-0.274451,-0.007883,-0.396688,-0.204007,-0.130377
3.617789,-2.193078,-0.262591,-0.014315,-0.400882,-0.200518,-0.120824
3.614226,-2.191130,-0.272481,-0.016522,-0.404578,-0.204758,-0.120529
3.619850,-2.190570,-0.261713,-0.008163,-0.388788,-0.175984,-0.118157
3.617616,-2.191003,-0.263254,-0.003181,-0.389327,-0.194721,-0.131484
3.617395,-2.191402,-0.264376,-0.008213,-0.394065,-0.195191,-0.125895
3.617558,-2.192644,-0.261956,-0.008154,-0.395947,-0.203056,-0.128949
3.617057,-2.192754,-0.262373,-0.007366,-0.396333,-0.207120,-0.131505
3.616727,-2.193022,-0.262978,-0.009171,-0.398639,-0.209536,-0.130405
3.616928,-2.192623,-0.263472,-0.009670,-0.397996,-0.205286,-0.128164
3.617816,-2.192499,-0.262122,-0.009356,-0.396179,-0.199786,-0.126262
3.617649,-2.193290,-0.262556,-0.014662,-0.401724,-0.202525,-0.121217
3.616830,-2.193180,-0.263479,-0.012469,-0.401181,-0.207765,-0.125901
3.615958,-2.191218,-0.265495,-0.002682,-0.391889,-0.205626,-0.136533
3.619215,-2.189639,-0.262698,-0.002331,-0.383846,-0.177010,-0.125395
3.617307,-2.191412,-0.263536,-0.004829,-0.391730,-0.198117,-0.130938
3.616492,-2.192531,-0.264114,-0.008827,-0.397887,-0.207614,-0.130106
3.622765,-2.187722,-0.260803,-0.004811,-0.376841,-0.142435,-0.108653
3.613057,-2.189889,-0.274510,-0.009378,-0.398952,-0.207445,-0.130011
3.617949,-2.192544,-0.261580,-0.008513,-0.395434,-0.199971,-0.127283
3.615668,-2.190931,-0.266457,-0.002635,-0.391799,-0.205232,-0.136487
3.619268,-2.192013,-0.260681,-0.009837,-0.393444,-0.188109,-0.120975
3.621806,-2.188370,-0.261117,-0.004234,-0.379028,-0.152618,-0.113391
3.613756,-2.189363,-0.274297,-0.009534,-0.397067,-0.199828,-0.126789
3.621806,-2.179906,-0.273947,0.001711,-0.359822,-0.097402,-0.099088
3.613225,-2.188427,-0.275610,-0.005422,-0.393222,-0.199045,-0.131328
3.612979,-2.189823,-0.274828,-0.009640,-0.399148,-0.207222,-0.129637
3.616653,-2.192709,-0.263189,-0.007601,-0.397050,-0.208847,-0.131966
3.616117,-2.189373,-0.272015,-0.015323,-0.397702,-0.182937,-0.113215
3.619176,-2.189459,-0.263684,-0.004473,-0.385164,-0.174451,-0.121947
3.617408,-2.189713,-0.265269,-0.001271,-0.385980,-0.188141,-0.131203
3.616849,-2.191133,-0.264662,-0.004426,-0.391650,-0.198942,-0.131800
3.612637,-2.188305,-0.276185,-0.003287,-0.392343,-0.202896,-0.135373
3.618364,-2.189143,-0.264523,-0.000801,-0.383163,-0.179249,-0.128169
3.616722,-2.192613,-0.263874,-0.009817,-0.398402,-0.206233,-0.128394
3.612939,-2.189878,-0.274455,-0.008432,-0.398417,-0.208672,-0.131595
3.615586,-2.191478,-0.266148,-0.004368,-0.394158,-0.208301,-0.135677
3.616120,-2.192063,-0.264510,-0.005247,-0.395008,-0.208877,-0.134790
7.093610,3.250462,0.142332,0.749830,0.616849,-0.121654,-0.834149
7.107268,3.230354,0.173003,0.657091,0.534463,-0.123093,-0.725246
7.109938,3.226417,0.178967,0.638818,0.518241,-0.123317,-0.703770
7.108965,3.228520,0.176241,0.647555,0.526852,-0.120004,-0.712756
7.106096,3.232410,0.170112,0.666135,0.542911,-0.121411,-0.735248
7.072566,3.283653,0.093777,0.901439,0.754065,-0.110071,-1.008419
7.198887,3.103830,0.370599,0.056688,0.012435,-0.089255,-0.003091
7.105554,3.232735,0.169295,0.668367,0.544287,-0.123655,-0.738780
7.110554,3.226614,0.179430,0.638040,0.518964,-0.118025,-0.700735
7.105594,3.232424,0.169592,0.667311,0.543028,-0.124875,-0.738021
7.109352,3.227306,0.177638,0.642906,0.521904,-0.123142,-0.708524
7.140764,3.185021,0.244541,0.440675,0.347503,-0.106404,-0.463140
7.159407,3.157735,0.285776,0.312853,0.234425,-0.106364,-0.312295
6.976484,3.411729,-0.109755,1.516319,1.282581,-0.167543,-1.757130
7.158858,3.158481,0.284542,0.316196,0.237344,-0.106475,-0.316293
7.075503,3.274972,0.103935,0.867807,0.718649,-0.131338,-0.977231
7.111407,3.224837,0.181764,0.630587,0.511685,-0.120603,-0.692970
7.125463,3.204946,0.212476,0.536983,0.429659,-0.117730,-0.581344
7.109190,3.228740,0.176288,0.647732,0.527715,-0.117356,-0.711905
7.170851,3.329491,0.155558,0.821944,0.927390,0.804062,-0.548935
7.124600,3.207113,0.209808,0.545672,0.438516,-0.113337,-0.589843
7.108304,3.229265,0.174954,0.651365,0.529942,-0.121057,-0.717674
7.104514,3.233910,0.167267,0.674371,0.549158,-0.125303,-0.746525
7.105545,3.233070,0.169008,0.669431,0.545643,-0.122100,-0.739413
7.120779,3.211213,0.202295,0.566194,0.454903,-0.119833,-0.616694
7.129038,3.201322,0.219162,0.517853,0.414751,-0.110211,-0.555750
7.073579,3.277662,0.099512,0.879661,0.729113,-0.131294,-0.991237
7.164587,3.150691,0.296920,0.279459,0.205508,-0.104070,-0.271956
7.146279,3.177526,0.256029,0.403835,0.315779,-0.103027,-0.418349
7.087957,3.257766,0.130801,0.786168,0.647656,-0.126778,-0.879055
7.181796,3.126853,0.334217,0.166889,0.107477,-0.098371,-0.136802
7.122164,3.212259,0.203081,0.567177,0.459592,-0.105623,-0.612138
7.106251,3.233472,0.169392,0.669088,0.547182,-0.115184,-0.736241
7.195348,3.170993,0.311227,0.272746,0.283552,0.211078,-0.137986
7.068276,3.284357,0.088594,0.912459,0.756791,-0.136288,-1.031945
7.108900,3.227582,0.176951,0.644783,0.523070,-0.124996,-0.711482
7.124639,3.206333,0.210493,0.543158,0.435361,-0.116830,-0.588273
7.111600,3.224120,0.182553,0.627922,0.508766,-0.122709,-0.690666
7.086319,3.260083,0.127162,0.796860,0.657055,-0.126963,-0.891755
6.883842,3.539175,-0.309150,2.121895,1.808453,-0.204126,-2.486489
7.121880,3.210616,0.204151,0.562708,0.452989,-0.115567,-0.610841
7.195530,3.107924,0.363807,0.077001,0.029373,-0.093115,-0.028610
7.121902,3.210195,0.204523,0.561346,0.451284,-0.117442,-0.609984
7.112579,3.226912,0.181239,0.634394,0.519927,-0.102313,-0.690146
7.066706,3.287158,0.084686,0.924715,0.768292,-0.133810,-1.045418
7.259354,3.020127,0.501112,-0.340401,-0.333058,-0.067741,0.474167
7.219471,3.074961,0.415358,-0.079581,-0.106637,-0.083797,0.159922
7.127414,3.202083,0.216823,0.523672,0.417860,-0.117828,-0.565673
7.094052,3.258308,0.136476,0.773884,0.648965,-0.081071,-0.846280
7.162961,3.153412,0.293142,0.292026,0.217013,-0.102669,-0.286212
7.089304,3.256215,0.133389,0.778089,0.641073,-0.124636,-0.868670
7.309313,3.286366,0.331488,0.374373,0.736074,1.571644,0.286319
7.107502,3.229822,0.173680,0.654907,0.532287,-0.124014,-0.723037
7.128978,3.200029,0.220109,0.513753,0.409377,-0.116735,-0.553530
7.089438,3.257037,0.132845,0.780345,0.644380,-0.119716,-0.869365
7.142727,3.181651,0.249258,0.425546,0.333498,-0.108714,-0.446216
7.107245,3.230044,0.173235,0.656179,0.533213,-0.124758,-0.724836
7.090418,3.254245,0.136148,0.769447,0.632984,-0.126307,-0.859139
7.090418,3.254245,0.136148,0.769447,0.632984,-0.126307,-0.859139
7.177854,3.132316,0.325515,0.192138,0.129541,-0.099285,-0.166991
7.107988,3.229742,0.174240,0.653561,0.531905,-0.120978,-0.720234
7.104895,3.233061,0.168356,0.670868,0.545682,-0.126722,-0.742959
7.107926,3.229787,0.174140,0.653841,0.532094,-0.121196,-0.720651
7.018861,3.352474,-0.017753,1.236327,1.038160,-0.155437,-1.421830
7.203877,3.096614,0.381568,0.022763,-0.017466,-0.088832,0.037110
7.110768,3.225552,0.180525,0.634252,0.514648,-0.121649,-0.697713
7.124492,3.206591,0.210131,0.544290,0.436417,-0.116624,-0.589526
7.108795,3.228802,0.175835,0.648818,0.528014,-0.119839,-0.714181
7.068487,3.284935,0.088577,0.914637,0.759731,-0.132608,-1.033010
7.110000,3.226028,0.179352,0.637469,0.516665,-0.124756,-0.702753
7.125783,3.204908,0.212832,0.536140,0.429464,-0.115664,-0.579524
7.128785,3.200497,0.219526,0.515643,0.411290,-0.115832,-0.555399
7.109065,3.227367,0.177296,0.643744,0.522184,-0.124870,-0.710204
7.111981,3.225743,0.181598,0.632108,0.515276,-0.112177,-0.691394
7.130484,3.198003,0.223313,0.504049,0.401011,-0.115924,-0.541752
7.291947,2.975067,0.571508,-0.553931,-0.518808,-0.056092,0.730851
7.126134,3.204361,0.213641,0.533647,0.427216,-0.115828,-0.576647
7.110278,3.226363,0.179357,0.637882,0.517984,-0.121179,-0.701810
7.123811,3.207330,0.208828,0.548127,0.439484,-0.117848,-0.594544
7.149322,3.172922,0.263169,0.383502,0.297448,-0.104448,-0.394888
7.142098,3.181915,0.248401,0.427786,0.334639,-0.111867,-0.450121
7.109169,3.227848,0.177004,0.645004,0.524114,-0.121812,-0.710468
7.113001,3.222064,0.185675,0.618361,0.500291,-0.122780,-0.679411
7.109883,3.226546,0.178805,0.639343,0.518770,-0.123077,-0.704293
7.126594,3.203384,0.214916,0.529569,0.423212,-0.117316,-0.572429
7.075114,3.275779,0.102872,0.871197,0.721955,-0.130182,-0.980770
7.127183,3.203061,0.215780,0.527235,0.421837,-0.114730,-0.568639
7.106695,3.231642,0.171356,0.662391,0.539736,-0.120899,-0.730624
7.109271,3.227935,0.177036,0.645045,0.524455,-0.120671,-0.710060
7.147239,3.176150,0.258385,0.398249,0.310738,-0.103522,-0.411922
7.167010,3.149257,0.300625,0.269747,0.199588,-0.094082,-0.256491
7.261937,3.241262,0.320703,0.341013,0.559499,1.019858,0.104968
7.112623,3.222559,0.184882,0.620756,0.502338,-0.123048,-0.682345
7.149602,3.171830,0.264355,0.379477,0.293006,-0.107755,-0.391460
7.109138,3.227938,0.176897,0.645357,0.524484,-0.121596,-0.710799
7.093118,3.257657,0.136066,0.773968,0.646447,-0.090798,-0.850270
7.149209,3.172239,0.263619,0.381634,0.294703,-0.108548,-0.394323
7.092668,3.251117,0.141018,0.754637,0.620079,-0.125581,-0.841370
7.107372,3.230163,0.173266,0.656264,0.533682,-0.123282,-0.724346
7.103240,3.235570,0.164601,0.682411,0.556015,-0.126257,-0.756396
7.309015,3.286778,0.330845,0.376326,0.737773,1.571535,0.283970
7.130512,3.199102,0.222248,0.506760,0.404974,-0.109961,-0.542591
7.071143,3.280194,0.094947,0.893035,0.739631,-0.136213,-1.008989
7.067152,3.287183,0.085364,0.924642,0.768969,-0.131148,-1.044235
7.086931,3.295529,0.098535,0.905956,0.800333,0.048535,-0.950305
7.199296,3.102971,0.371600,0.052667,0.008604,-0.090225,0.001251
7.038419,3.325352,0.024521,1.107810,0.926267,-0.148764,-1.267480
7.163238,3.156759,0.290655,0.301812,0.230500,-0.084544,-0.290512
7.145197,3.179328,0.253685,0.412742,0.323817,-0.102548,-0.428638
7.111093,3.224693,0.181566,0.630846,0.511138,-0.123511,-0.694438
7.111891,3.223530,0.183336,0.625428,0.506347,-0.123511,-0.688044
7.112051,3.223423,0.183588,0.624733,0.505895,-0.122900,-0.686979
7.163583,3.152789,0.294288,0.288684,0.214420,-0.101305,-0.281722
7.109270,3.227534,0.177366,0.643801,0.522834,-0.122620,-0.709371
7.104522,3.233557,0.167568,0.673253,0.547729,-0.126956,-0.745867
7.140999,3.185262,0.244519,0.440678,0.348288,-0.103436,-0.461963
7.109287,3.227249,0.177619,0.642876,0.521680,-0.123880,-0.708784
7.091098,3.252224,0.138510,0.761624,0.624738,-0.131286,-0.851898
7.129324,3.200089,0.220411,0.513155,0.409575,-0.114011,-0.551735
7.142882,3.184752,0.246667,0.434199,0.345533,-0.092183,-0.449840
7.184825,3.123536,0.339850,0.149089,0.093245,-0.092608,-0.113512
7.090841,3.252811,0.137518,0.763174,0.626510,-0.129657,-0.853108
7.105694,3.237963,0.165175,0.684529,0.565547,-0.097552,-0.747405
7.086936,3.260305,0.127666,0.796371,0.658034,-0.121696,-0.889063
7.255118,3.026461,0.491637,-0.310919,-0.306805,-0.067108,0.439633
7.112795,3.222416,0.185175,0.619922,0.501738,-0.122531,-0.681153
7.092157,3.250976,0.140616,0.755352,0.619570,-0.129860,-0.843925
7.144168,3.181339,0.250979,0.421322,0.332066,-0.100067,-0.437771
7.109335,3.228068,0.176990,0.645315,0.524986,-0.119575,-0.709941
7.163890,3.152042,0.295217,0.285666,0.211366,-0.102751,-0.278739
7.094077,3.248669,0.144287,0.743201,0.609551,-0.127036,-0.828478
7.250619,3.031942,0.482355,-0.284359,-0.284604,-0.071863,0.406359
7.218042,3.079327,0.410236,-0.062986,-0.088985,-0.072604,0.144805
7.066677,3.286963,0.084817,0.924174,0.767507,-0.134958,-1.045238
7.087274,3.259637,0.128560,0.793534,0.655298,-0.122547,-0.886055
7.057053,3.300723,0.063673,0.988703,0.824240,-0.136241,-1.121911
7.105578,3.234660,0.167543,0.673656,0.551586,-0.113732,-0.741077
7.165891,3.148848,0.299889,0.271212,0.198223,-0.104097,-0.262218
7.039336,3.331675,0.020224,1.125408,0.951702,-0.111731,-1.273435
7.110797,3.225196,0.180849,0.633081,0.513208,-0.123165,-0.696938
7.106220,3.231298,0.171158,0.662394,0.538402,-0.125912,-0.732633
6.881976,3.541202,-0.312721,2.132415,1.816866,-0.207472,-2.500243
6.886779,3.535541,-0.303165,2.103962,1.793423,-0.201005,-2.464075
7.072943,3.280525,0.096745,0.890860,0.741385,-0.122533,-1.000917
6.886735,3.534588,-0.302422,2.101097,1.789578,-0.205925,-2.462662
7.089288,3.255927,0.133672,0.777444,0.640069,-0.126291,-0.868563
7.049091,3.310871,0.047202,1.038243,0.866182,-0.143280,-1.183197
7.085050,3.260960,0.124902,0.801597,0.660120,-0.131063,-0.899018
7.124865,3.206050,0.210773,0.541120,0.433715,-0.116153,-0.585621
7.067798,3.286045,0.086715,0.918786,0.763665,-0.131494,-1.037494
7.276531,2.996919,0.537671,-0.451583,-0.429011,-0.058764,0.608971
6.881509,3.542500,-0.314267,2.137505,1.822162,-0.204494,-2.505059
7.103589,3.236834,0.163972,0.685768,0.561236,-0.117840,-0.756983
7.073046,3.293282,0.086302,0.930311,0.792908,-0.060144,-1.022523
7.114161,3.222559,0.186259,0.616641,0.501683,-0.111759,-0.672996
7.104163,3.234354,0.166544,0.676544,0.550994,-0.125626,-0.749218
7.091468,3.252889,0.138334,0.762861,0.627382,-0.125468,-0.851030
7.164316,3.150943,0.296559,0.281285,0.206874,-0.105063,-0.274492
7.109366,3.228489,0.176674,0.646553,0.526681,-0.117323,-0.710501
7.123694,3.207289,0.208744,0.548263,0.439333,-0.118865,-0.595111
7.091712,3.252350,0.139028,0.760631,0.625174,-0.126353,-0.848752
7.164669,3.151081,0.296802,0.280919,0.207390,-0.101914,-0.272801
7.163146,3.153157,0.293541,0.290812,0.215957,-0.102601,-0.284753
6.885823,3.536834,-0.305205,2.110142,1.798762,-0.201485,-2.471561
7.055984,3.300661,0.062701,0.991138,0.824274,-0.144224,-1.127970
7.161090,3.155921,0.288924,0.303194,0.226737,-0.103124,-0.299607
7.110907,3.324874,0.098603,0.943116,0.916029,0.359298,-0.869852
7.104270,3.235227,0.165993,0.679230,0.554663,-0.120805,-0.750453
7.309028,3.286760,0.330873,0.376241,0.737699,1.571539,0.284072
7.131000,3.198166,0.223456,0.502532,0.400978,-0.110894,-0.537983
7.126813,3.203612,0.214950,0.529782,0.424106,-0.114670,-0.571622
7.122017,3.210345,0.204515,0.561556,0.451880,-0.115906,-0.609618
7.103618,3.235276,0.165228,0.680645,0.554784,-0.125014,-0.753814
7.124212,3.207131,0.209400,0.546603,0.438635,-0.115980,-0.591999
7.163660,3.151869,0.295127,0.285647,0.210694,-0.105206,-0.279698
7.104193,3.235220,0.165858,0.679171,0.554489,-0.121231,-0.750561
7.311945,3.282729,0.337166,0.357118,0.721069,1.572607,0.307069
7.030260,3.337430,0.006254,1.163799,0.976031,-0.147854,-1.333195
7.255421,3.025574,0.492616,-0.314576,-0.310582,-0.069116,0.443137
7.108947,3.227580,0.176816,0.644030,0.522586,-0.124222,-0.710307
7.105722,3.231854,0.170009,0.664606,0.540236,-0.126280,-0.735414
7.143846,3.179622,0.252072,0.416706,0.325166,-0.110642,-0.436554
7.106132,3.232320,0.170224,0.665772,0.542541,-0.121593,-0.734892
7.106821,3.230406,0.172506,0.658263,0.534729,-0.125984,-0.727786
7.090071,3.256270,0.134122,0.776529,0.641205,-0.118965,-0.864561
7.112940,3.228093,0.180628,0.637256,0.524658,-0.094062,-0.690224
7.090162,3.253974,0.136113,0.769182,0.631919,-0.129421,-0.860072
7.126441,3.203279,0.214847,0.529587,0.422806,-0.118898,-0.573083
7.106257,3.231737,0.170833,0.663676,0.540172,-0.123528,-0.733192
7.162120,3.153984,0.291816,0.295702,0.219420,-0.105835,-0.291817
7.149939,3.171163,0.265249,0.376640,0.290270,-0.108606,-0.388452
7.146384,3.178312,0.255730,0.406904,0.319574,-0.099094,-0.420366
7.181059,3.128219,0.332340,0.172802,0.113085,-0.096952,-0.143213
7.233968,3.054947,0.446496,-0.174992,-0.189529,-0.078115,0.274787
7.126914,3.203569,0.214842,0.528563,0.423291,-0.113559,-0.569771
7.076196,3.291768,0.090444,0.917418,0.785630,-0.044512,-1.001093
7.072426,3.278020,0.097985,0.883161,0.730537,-0.137537,-0.997873
7.070845,3.282094,0.093319,0.900475,0.747971,-0.129731,-1.015145
7.068483,3.285055,0.088473,0.915022,0.760218,-0.132058,-1.033244
7.067834,3.284806,0.087775,0.914852,0.758657,-0.137229,-1.035145
7.112723,3.222987,0.184446,0.621216,0.503581,-0.119819,-0.681620
7.066311,3.287673,0.084105,0.928065,0.771049,-0.134704,-1.049697
7.015295,3.357282,-0.025471,1.258906,1.057693,-0.157018,-1.449127
7.130070,3.201551,0.219958,0.516021,0.415394,-0.101689,-0.550188
7.145304,3.177769,0.255083,0.407652,0.317507,-0.109329,-0.425343
7.147049,3.176502,0.257717,0.399129,0.311710,-0.102705,-0.412658
7.163486,3.153181,0.293681,0.289479,0.215542,-0.099642,-0.282019
7.111018,3.224871,0.181342,0.631571,0.511867,-0.123181,-0.695161
7.140770,3.184247,0.245126,0.438037,0.344217,-0.109949,-0.461453
7.104406,3.234260,0.166868,0.675703,0.550586,-0.124368,-0.747723
7.143673,3.180465,0.251199,0.419720,0.328593,-0.107783,-0.438967
7.108689,3.228445,0.176023,0.647945,0.526582,-0.122313,-0.714140
6.872006,3.555213,-0.334423,2.198504,1.874651,-0.209986,-2.579250
7.108104,3.234781,0.170190,0.668977,0.552251,-0.095800,-0.728357
7.108442,3.228578,0.175662,0.648916,0.527149,-0.123410,-0.715725
7.130822,3.199323,0.222564,0.507391,0.406302,-0.107162,-0.542192
7.125373,3.205816,0.211665,0.539891,0.433184,-0.114158,-0.583349
6.882651,3.540264,-0.311260,2.127972,1.812993,-0.207258,-2.494913
7.111463,3.223987,0.182524,0.627817,0.508244,-0.124317,-0.691185
7.107068,3.231026,0.172245,0.659632,0.537202,-0.121250,-0.727508
7.274167,3.000103,0.532762,-0.435912,-0.415552,-0.060328,0.589866
7.179546,3.129947,0.329376,0.181592,0.120245,-0.099259,-0.154510
7.126431,3.204193,0.214081,0.532455,0.426502,-0.114550,-0.574729
7.147908,3.177721,0.257520,0.400766,0.316374,-0.090610,-0.409760
7.085513,3.263602,0.123434,0.809626,0.671367,-0.115632,-0.902290
7.241555,3.044683,0.462805,-0.223618,-0.231578,-0.074574,0.333609
7.110637,3.225329,0.180576,0.633857,0.513766,-0.123645,-0.698045
7.123578,3.209168,0.207134,0.554585,0.447097,-0.110748,-0.599318
7.147383,3.174446,0.259941,0.392622,0.303836,-0.110744,-0.408169
7.104399,3.235144,0.166131,0.678467,0.554154,-0.120149,-0.749297
7.121334,3.296992,0.132177,0.832632,0.801995,0.298126,-0.763933
7.076392,3.273420,0.105814,0.859899,0.711482,-0.131830,-0.968135
7.108157,3.229152,0.174898,0.651347,0.529504,-0.122638,-0.718285
7.172576,3.153512,0.302817,0.270630,0.216269,-0.034459,-0.233675
7.108371,3.229736,0.174633,0.652680,0.531839,-0.118305,-0.718126
7.294833,2.971510,0.577378,-0.571511,-0.533522,-0.052956,0.752854
3.618239,-2.190134,-0.263954,-0.004029,-0.387465,-0.184619,-0.126523
3.620224,-2.187751,-0.263910,-0.001096,-0.378075,-0.159119,-0.119784
3.616725,-2.190944,-0.264821,-0.003130,-0.390556,-0.199200,-0.133417
3.613356,-2.190393,-0.273606,-0.010975,-0.400548,-0.208229,-0.128416
3.613293,-2.189953,-0.274034,-0.009465,-0.398762,-0.206538,-0.129522
3.612488,-2.188946,-0.275745,-0.004730,-0.394758,-0.207198,-0.135383
3.613124,-2.188352,-0.275591,-0.004317,-0.392432,-0.199841,-0.132927
3.615784,-2.187973,-0.273204,-0.009143,-0.391218,-0.179271,-0.119002
3.620108,-2.191768,-0.260952,-0.014189,-0.394921,-0.178755,-0.112218
3.617339,-2.189930,-0.265098,-0.001576,-0.386691,-0.189821,-0.131507
3.612488,-2.188946,-0.275745,-0.004730,-0.394758,-0.207198,-0.135383
3.619400,-2.190205,-0.262779,-0.007085,-0.388049,-0.176638,-0.119732
3.616372,-2.191858,-0.264484,-0.005393,-0.394367,-0.205956,-0.133457
3.621238,-2.195018,-0.250182,-0.002606,-0.390363,-0.203519,-0.134882
3.617287,-2.192566,-0.262357,-0.007514,-0.395756,-0.204435,-0.130265
3.616673,-2.191642,-0.264174,-0.004755,-0.393056,-0.203247,-0.133102
3.612844,-2.189037,-0.275309,-0.005815,-0.395166,-0.205128,-0.133273
3.618688,-2.191117,-0.262563,-0.007672,-0.391175,-0.186509,-0.122964
3.617259,-2.192814,-0.262610,-0.009725,-0.397861,-0.204782,-0.127850
3.619310,-2.190785,-0.262759,-0.009972,-0.391325,-0.179168,-0.117386
3.616369,-2.192657,-0.264196,-0.009158,-0.398540,-0.208938,-0.130254
3.616421,-2.192595,-0.264194,-0.009083,-0.398295,-0.208266,-0.130075
3.617900,-2.192286,-0.262335,-0.009315,-0.395647,-0.197866,-0.125559
3.616923,-2.193357,-0.263055,-0.012585,-0.401432,-0.208415,-0.126001
3.617624,-2.190692,-0.264731,-0.006522,-0.391224,-0.190145,-0.125872
3.612705,-2.189156,-0.275289,-0.005660,-0.395475,-0.206834,-0.134131
3.612992,-2.188878,-0.275228,-0.005441,-0.394385,-0.203468,-0.133043
3.618122,-2.194204,-0.260586,-0.015994,-0.403577,-0.205422,-0.120707
3.615777,-2.191538,-0.265168,-0.002412,-0.392531,-0.209052,-0.138189
3.617750,-2.193994,-0.261136,-0.014504,-0.402687,-0.207026,-0.123106
3.619346,-2.190533,-0.262378,-0.007339,-0.388893,-0.179053,-0.120374
3.617716,-2.192271,-0.262780,-0.009709,-0.396194,-0.198486,-0.125374
3.621151,-2.188359,-0.261914,-0.003150,-0.379223,-0.156884,-0.116394
3.616872,-2.192006,-0.263241,-0.004836,-0.393446,-0.204652,-0.133512
3.616411,-2.191708,-0.264631,-0.005227,-0.393923,-0.204808,-0.133201
3.613353,-2.188186,-0.275434,-0.004103,-0.391631,-0.197578,-0.132266
3.614476,-2.188784,-0.273800,-0.008500,-0.394183,-0.192559,-0.125069
3.615847,-2.191474,-0.265888,-0.004943,-0.394172,-0.206446,-0.134256
3.616814,-2.192240,-0.263659,-0.007363,-0.395804,-0.204841,-0.130677
3.616895,-2.193144,-0.262829,-0.010358,-0.399464,-0.208636,-0.128661
3.618103,-2.191966,-0.263192,-0.011564,-0.396426,-0.192930,-0.121035
3.616745,-2.192310,-0.264285,-0.009571,-0.397656,-0.204161,-0.127880
3.616184,-2.192520,-0.264681,-0.008957,-0.398437,-0.209127,-0.130592
3.613938,-2.191110,-0.272791,-0.015806,-0.404459,-0.206690,-0.122147
3.613130,-2.190090,-0.274454,-0.010810,-0.400244,-0.207451,-0.128348
3.616277,-2.186183,-0.274246,-0.004903,-0.384206,-0.167002,-0.119107
3.617411,-2.192557,-0.262484,-0.008624,-0.396367,-0.202921,-0.128380
3.617541,-2.193303,-0.261735,-0.011239,-0.399397,-0.205612,-0.126371
3.617056,-2.191314,-0.264118,-0.004813,-0.391933,-0.198810,-0.131266
3.618587,-2.193668,-0.260003,-0.013449,-0.400051,-0.200911,-0.121834
3.621202,-2.191109,-0.259466,-0.011392,-0.390024,-0.170120,-0.111945
3.616857,-2.191562,-0.264729,-0.007282,-0.394490,-0.199906,-0.128872
3.621806,-2.179906,-0.273947,0.001711,-0.359822,-0.097402,-0.099088
3.616850,-2.193165,-0.263103,-0.011180,-0.400175,-0.208453,-0.127649
3.618366,-2.190762,-0.262938,-0.004982,-0.389071,-0.187662,-0.126567
3.618362,-2.183331,-0.274487,-0.000740,-0.372933,-0.138524,-0.112629
3.616448,-2.185730,-0.274569,-0.004309,-0.382710,-0.163303,-0.118345
3.619363,-2.189026,-0.263976,-0.003976,-0.383753,-0.170746,-0.121069
3.613756,-2.189363,-0.274297,-0.009534,-0.397067,-0.199828,-0.126789
3.619392,-2.188796,-0.264136,-0.003328,-0.382830,-0.169431,-0.121307
3.614064,-2.189316,-0.274085,-0.010298,-0.397071,-0.197278,-0.124875
3.612950,-2.190008,-0.274521,-0.009504,-0.399417,-0.208776,-0.130395
3.613832,-2.191022,-0.272787,-0.014650,-0.403618,-0.207458,-0.123794
3.613046,-2.189955,-0.274466,-0.009559,-0.399217,-0.207841,-0.129955
3.613203,-2.189855,-0.274390,-0.009602,-0.398831,-0.206251,-0.129270
3.613633,-2.189133,-0.274551,-0.008325,-0.395965,-0.199735,-0.128171
3.614000,-2.189388,-0.274152,-0.010589,-0.397510,-0.197929,-0.124800
3.619293,-2.191150,-0.261799,-0.008710,-0.391064,-0.182709,-0.120202
3.617686,-2.189941,-0.264430,-0.001320,-0.385989,-0.188188,-0.131115
3.617222,-2.193077,-0.262308,-0.010029,-0.398603,-0.206617,-0.128209
3.619236,-2.189114,-0.263540,-0.002249,-0.382834,-0.173271,-0.124052
7.296446,2.969416,0.580746,-0.581665,-0.542172,-0.051716,0.765334
7.178297,3.131673,0.326680,0.189783,0.127367,-0.099717,-0.164360
